Ep,Step,Reward,Total_reward,Action,Epsilon,Done,Termination_Code
1,1,-3,-3,5,1,0
1,2,-3,-6,4,1,0
1,3,0,-6,1,1,0
1,4,0,-6,4,1,0
1,5,-3,-9,3,1,0
1,6,-3,-12,5,1,0
1,7,-3,-15,5,1,0
1,8,-3,-18,0,1,0
1,9,-3,-21,4,1,0
1,10,-3,-24,4,1,0
1,11,-3,-27,0,1,0
1,12,0,-27,2,1,0
1,13,0,-27,2,1,0
1,14,-30,-57,0,1,1
2,1,-1,-1,3,1,0
2,2,-1,-2,5,1,0
2,3,-1,-3,5,1,0
2,4,-31,-34,2,1,1
3,1,-1,-1,4,1,0
3,2,0,-1,2,1,0
3,3,-1,-2,3,1,0
3,4,0,-2,3,1,0
3,5,0,-2,4,1,0
3,6,-1,-3,2,1,0
3,7,0,-3,1,1,0
3,8,-1,-4,0,1,0
3,9,0,-4,0,1,0
3,10,-30,-34,2,1,1
4,1,0,0,2,1,0
4,2,-1,-1,3,1,0
4,3,-3,-4,1,1,0
4,4,0,-4,3,1,0
4,5,-30,-34,5,1,1
5,1,0,0,3,1,0
5,2,0,0,2,1,0
5,3,0,0,3,1,0
5,4,0,0,5,1,0
5,5,0,0,4,1,0
5,6,0,0,4,1,0
5,7,-100,-100,1,1,1
6,1,-1,-1,4,1,0
6,2,-1,-2,2,1,0
6,3,0,-2,2,1,0
6,4,0,-2,1,1,0
6,5,0,-2,0,1,0
6,6,0,-2,1,1,0
6,7,150,148,5,1,0
6,8,-30,118,3,1,1
7,1,-3,-3,2,1,0
7,2,-3,-6,2,1,0
7,3,0,-6,2,1,0
7,4,-3,-9,3,1,0
7,5,-100,-109,0,1,1
8,1,0,0,0,1,0
8,2,0,0,3,1,0
8,3,0,0,3,1,0
8,4,0,0,2,1,0
8,5,0,0,5,1,0
8,6,0,0,5,1,0
8,7,-33,-33,1,1,1
9,1,0,0,1,1,0
9,2,0,0,4,1,0
9,3,-100,-100,2,1,1
10,1,0,0,3,1,0
10,2,0,0,4,1,0
10,3,0,0,4,1,0
10,4,0,0,5,1,0
10,5,0,0,4,1,0
10,6,-3,-3,2,1,0
10,7,-3,-6,1,1,0
10,8,-33,-39,5,1,1
11,1,0,0,0,1,0
11,2,0,0,5,1,0
11,3,0,0,4,1,0
11,4,0,0,5,1,0
11,5,0,0,1,1,0
11,6,-3,-3,2,1,0
11,7,0,-3,1,1,0
11,8,0,-3,5,1,0
11,9,0,-3,2,1,0
11,10,-30,-33,0,1,1
12,1,0,0,4,1,0
12,2,-1,-1,2,1,0
12,3,0,-1,1,1,0
12,4,0,-1,2,1,0
12,5,0,-1,2,1,0
12,6,0,-1,2,1,0
12,7,0,-1,2,1,0
12,8,-33,-34,2,1,1
13,1,-1,-1,4,1,0
13,2,-1,-2,5,1,0
13,3,-1,-3,2,1,0
13,4,-1,-4,3,1,0
13,5,-1,-5,4,1,0
13,6,-100,-105,3,1,1
14,1,0,0,5,1,0
14,2,0,0,4,1,0
14,3,0,0,0,1,0
14,4,0,0,5,1,0
14,5,-100,-100,2,1,1
15,1,-3,-3,3,1,0
15,2,-3,-6,5,1,0
15,3,-100,-106,0,1,1
16,1,-1,-1,0,1,0
16,2,-3,-4,3,1,0
16,3,-3,-7,0,1,0
16,4,-1,-8,2,1,0
16,5,-33,-41,3,1,1
17,1,0,0,0,1,0
17,2,-1,-1,1,1,0
17,3,-1,-2,5,1,0
17,4,0,-2,0,1,0
17,5,-1,-3,0,1,0
17,6,-1,-4,5,1,0
17,7,-1,-5,4,1,0
17,8,0,-5,2,1,0
17,9,0,-5,4,1,0
17,10,0,-5,4,1,0
17,11,0,-5,5,1,0
17,12,-100,-105,2,1,1
18,1,0,0,0,1,0
18,2,0,0,2,1,0
18,3,0,0,1,1,0
18,4,-3,-3,1,1,0
18,5,-3,-6,5,1,0
18,6,0,-6,2,1,0
18,7,150,144,5,1,0
18,8,-100,44,2,1,1
19,1,0,0,0,1,0
19,2,0,0,1,1,0
19,3,-3,-3,3,1,0
19,4,0,-3,0,1,0
19,5,0,-3,3,1,0
19,6,-3,-6,0,1,0
19,7,-3,-9,5,1,0
19,8,-3,-12,4,1,0
19,9,-1,-13,3,1,0
19,10,-1,-14,4,1,0
19,11,-3,-17,1,1,0
19,12,0,-17,1,1,0
19,13,0,-17,1,1,0
19,14,-3,-20,2,1,0
19,15,-33,-53,5,1,1
20,1,-3,-3,3,1,0
20,2,-3,-6,5,1,0
20,3,0,-6,1,1,0
20,4,0,-6,1,1,0
20,5,-1,-7,3,1,0
20,6,-100,-107,1,1,1
21,1,0,0,3,1,0
21,2,-1,-1,1,1,0
21,3,0,-1,2,1,0
21,4,0,-1,4,1,0
21,5,-1,-2,1,1,0
21,6,0,-2,0,1,0
21,7,-1,-3,1,1,0
21,8,0,-3,1,1,0
21,9,0,-3,4,1,0
21,10,-1,-4,0,1,0
21,11,0,-4,1,1,0
21,12,0,-4,5,1,0
21,13,0,-4,5,1,0
21,14,-31,-35,0,1,1
22,1,0,0,5,1,0
22,2,-3,-3,2,1,0
22,3,-3,-6,5,1,0
22,4,0,-6,3,1,0
22,5,-3,-9,2,1,0
22,6,0,-9,3,1,0
22,7,-30,-39,5,1,1
23,1,0,0,4,1,0
23,2,-3,-3,1,1,0
23,3,-3,-6,5,1,0
23,4,-1,-7,1,1,0
23,5,-30,-37,2,1,1
24,1,0,0,1,1,0
24,2,0,0,5,1,0
24,3,0,0,5,1,0
24,4,0,0,3,1,0
24,5,0,0,3,1,0
24,6,0,0,0,1,0
24,7,0,0,3,1,0
24,8,0,0,2,1,0
24,9,0,0,1,1,0
24,10,0,0,0,1,0
24,11,-30,-30,5,1,1
25,1,-2,-2,4,1,0
25,2,-2,-4,4,1,0
25,3,-2,-6,5,1,0
25,4,-2,-8,5,1,0
25,5,0,-8,0,1,0
25,6,0,-8,5,1,0
25,7,0,-8,3,1,0
25,8,0,-8,1,1,0
25,9,0,-8,5,1,0
25,10,0,-8,1,1,0
25,11,0,-8,3,1,0
25,12,0,-8,3,1,0
25,13,0,-8,3,1,0
25,14,-30,-38,5,1,1
26,1,0,0,4,1,0
26,2,0,0,0,1,0
26,3,-3,-3,0,1,0
26,4,0,-3,1,1,0
26,5,-1,-4,3,1,0
26,6,-1,-5,4,1,0
26,7,0,-5,1,1,0
26,8,-1,-6,3,1,0
26,9,0,-6,1,1,0
26,10,-1,-7,1,1,0
26,11,0,-7,0,1,0
26,12,-1,-8,1,1,0
26,13,-30,-38,1,1,1
27,1,-2,-2,5,1,0
27,2,0,-2,1,1,0
27,3,0,-2,2,1,0
27,4,-3,-5,2,1,0
27,5,0,-5,3,1,0
27,6,-3,-8,2,1,0
27,7,-3,-11,5,1,0
27,8,-100,-111,2,1,1
28,1,-1,-1,1,1,0
28,2,0,-1,1,1,0
28,3,-3,-4,1,1,0
28,4,0,-4,1,1,0
28,5,0,-4,4,1,0
28,6,-3,-7,3,1,0
28,7,0,-7,3,1,0
28,8,0,-7,1,1,0
28,9,0,-7,4,1,0
28,10,0,-7,4,1,0
28,11,0,-7,3,1,0
28,12,0,-7,2,1,0
28,13,0,-7,1,1,0
28,14,0,-7,0,1,0
28,15,0,-7,0,1,0
28,16,0,-7,5,1,0
28,17,0,-7,0,1,0
28,18,0,-7,4,1,0
28,19,-31,-38,3,1,1
29,1,0,0,4,1,0
29,2,0,0,3,1,0
29,3,-3,-3,0,1,0
29,4,-3,-6,5,1,0
29,5,-3,-9,4,1,0
29,6,-3,-12,4,1,0
29,7,0,-12,0,1,0
29,8,-3,-15,0,1,0
29,9,0,-15,1,1,0
29,10,-3,-18,0,1,0
29,11,-33,-51,2,1,1
30,1,0,0,0,1,0
30,2,0,0,1,1,0
30,3,0,0,4,1,0
30,4,0,0,2,1,0
30,5,0,0,4,1,0
30,6,0,0,1,1,0
30,7,0,0,5,1,0
30,8,0,0,5,1,0
30,9,0,0,0,1,0
30,10,0,0,5,1,0
30,11,0,0,1,1,0
30,12,-100,-100,2,1,1
31,1,0,0,4,1,0
31,2,0,0,0,1,0
31,3,0,0,5,1,0
31,4,0,0,0,1,0
31,5,-100,-100,2,1,1
32,1,0,0,1,1,0
32,2,-1,-1,1,1,0
32,3,-1,-2,2,1,0
32,4,0,-2,0,1,0
32,5,0,-2,2,1,0
32,6,0,-2,4,1,0
32,7,0,-2,5,1,0
32,8,0,-2,3,1,0
32,9,0,-2,4,1,0
32,10,0,-2,0,1,0
32,11,0,-2,5,1,0
32,12,0,-2,4,1,0
32,13,0,-2,4,1,0
32,14,-3,-5,3,1,0
32,15,0,-5,3,1,0
32,16,-3,-8,2,1,0
32,17,0,-8,1,1,0
32,18,-1,-9,1,1,0
32,19,-1,-10,1,1,0
32,20,-1,-11,4,1,0
32,21,0,-11,2,1,0
32,22,-1,-12,0,1,0
32,23,-31,-43,2,1,1
33,1,0,0,5,1,0
33,2,-3,-3,3,1,0
33,3,-3,-6,4,1,0
33,4,-3,-9,1,1,0
33,5,0,-9,3,1,0
33,6,-3,-12,2,1,0
33,7,-33,-45,0,1,1
34,1,-3,-3,3,1,0
34,2,-1,-4,0,1,0
34,3,-1,-5,4,1,0
34,4,-100,-105,0,1,1
35,1,-3,-3,1,1,0
35,2,-1,-4,0,1,0
35,3,-1,-5,5,1,0
35,4,0,-5,0,1,0
35,5,-31,-36,1,1,1
36,1,-1,-1,0,1,0
36,2,-100,-101,3,1,1
37,1,-1,-1,2,1,0
37,2,-3,-4,3,1,0
37,3,0,-4,3,1,0
37,4,-3,-7,0,1,0
37,5,-3,-10,5,1,0
37,6,-100,-110,3,1,1
38,1,0,0,2,1,0
38,2,-1,-1,3,1,0
38,3,-1,-2,5,1,0
38,4,0,-2,2,1,0
38,5,-1,-3,3,1,0
38,6,0,-3,0,1,0
38,7,-1,-4,1,1,0
38,8,-31,-35,1,1,1
39,1,0,0,4,1,0
39,2,0,0,3,1,0
39,3,0,0,4,1,0
39,4,75,75,5,1,0
39,5,0,75,4,1,0
39,6,-100,-25,3,1,1
40,1,-3,-3,1,1,0
40,2,0,-3,3,1,0
40,3,0,-3,3,1,0
40,4,0,-3,4,1,0
40,5,0,-3,3,1,0
40,6,-3,-6,1,1,0
40,7,0,-6,2,1,0
40,8,-3,-9,1,1,0
40,9,0,-9,3,1,0
40,10,0,-9,1,1,0
40,11,0,-9,2,1,0
40,12,0,-9,1,1,0
40,13,0,-9,3,1,0
40,14,0,-9,0,1,0
40,15,0,-9,2,1,0
40,16,0,-9,5,1,0
40,17,-3,-12,2,1,0
40,18,-33,-45,5,1,1
41,1,-1,-1,2,1,0
41,2,-1,-2,2,1,0
41,3,0,-2,2,1,0
41,4,-1,-3,3,1,0
41,5,-3,-6,0,1,0
41,6,-31,-37,0,1,1
42,1,0,0,3,1,0
42,2,0,0,1,1,0
42,3,0,0,5,1,0
42,4,-100,-100,1,1,1
43,1,0,0,4,1,0
43,2,-1,-1,3,1,0
43,3,-1,-2,5,1,0
43,4,-3,-5,3,1,0
43,5,-3,-8,5,1,0
43,6,0,-8,3,1,0
43,7,-33,-41,2,1,1
44,1,-100,-100,3,1,1
45,1,-3,-3,1,1,0
45,2,-3,-6,4,1,0
45,3,-3,-9,0,1,0
45,4,0,-9,0,1,0
45,5,0,-9,4,1,0
45,6,0,-9,3,1,0
45,7,0,-9,2,1,0
45,8,0,-9,2,1,0
45,9,0,-9,2,1,0
45,10,0,-9,0,1,0
45,11,0,-9,4,1,0
45,12,0,-9,4,1,0
45,13,0,-9,5,1,0
45,14,0,-9,2,1,0
45,15,0,-9,2,1,0
45,16,0,-9,0,1,0
45,17,0,-9,4,1,0
45,18,0,-9,1,1,0
45,19,0,-9,5,1,0
45,20,-1,-10,1,1,0
45,21,0,-10,0,1,0
45,22,0,-10,2,1,0
45,23,0,-10,1,1,0
45,24,0,-10,1,1,0
45,25,-33,-43,1,1,1
46,1,0,0,3,1,0
46,2,0,0,3,1,0
46,3,150,150,5,1,0
46,4,0,150,1,1,0
46,5,0,150,1,1,0
46,6,-3,147,1,1,0
46,7,0,147,0,1,0
46,8,-3,144,1,1,0
46,9,0,144,0,1,0
46,10,0,144,2,1,0
46,11,-30,114,5,1,1
47,1,0,0,0,1,0
47,2,0,0,4,1,0
47,3,-1,-1,1,1,0
47,4,-1,-2,2,1,0
47,5,-1,-3,3,1,0
47,6,-33,-36,3,1,1
48,1,-1,-1,3,1,0
48,2,-1,-2,2,1,0
48,3,-1,-3,3,1,0
48,4,-1,-4,4,1,0
48,5,0,-4,0,1,0
48,6,0,-4,2,1,0
48,7,-31,-35,0,1,1
49,1,-2,-2,4,1,0
49,2,-2,-4,4,1,0
49,3,-2,-6,4,1,0
49,4,-3,-9,0,1,0
49,5,-3,-12,4,1,0
49,6,-1,-13,2,1,0
49,7,-3,-16,3,1,0
49,8,-31,-47,2,1,1
50,1,-3,-3,3,1,0
50,2,-1,-4,0,1,0
50,3,-3,-7,1,1,0
50,4,-3,-10,3,1,0
50,5,-3,-13,3,1,0
50,6,-100,-113,3,1,1
51,1,0,0,5,1,0
51,2,-1,-1,0,1,0
51,3,0,-1,3,1,0
51,4,0,-1,3,1,0
51,5,-3,-4,0,1,0
51,6,-3,-7,4,1,0
51,7,0,-7,1,1,0
51,8,0,-7,4,1,0
51,9,0,-7,4,1,0
51,10,-3,-10,0,1,0
51,11,0,-10,1,1,0
51,12,0,-10,4,1,0
51,13,150,140,5,1,0
51,14,0,140,4,1,0
51,15,-3,137,3,1,0
51,16,0,137,2,1,0
51,17,0,137,4,1,0
51,18,150,287,5,1,0
51,19,-3,284,0,1,0
51,20,-30,254,1,1,1
52,1,0,0,2,1,0
52,2,0,0,3,1,0
52,3,0,0,2,1,0
52,4,0,0,5,1,0
52,5,0,0,5,1,0
52,6,0,0,0,1,0
52,7,-100,-100,2,1,1
53,1,0,0,2,1,0
53,2,-100,-100,2,1,1
54,1,-1,-1,5,1,0
54,2,-1,-2,4,1,0
54,3,0,-2,2,1,0
54,4,0,-2,4,1,0
54,5,0,-2,2,1,0
54,6,-1,-3,0,1,0
54,7,-3,-6,3,1,0
54,8,0,-6,1,1,0
54,9,-3,-9,0,1,0
54,10,-31,-40,2,1,1
55,1,0,0,0,1,0
55,2,0,0,4,1,0
55,3,0,0,3,1,0
55,4,-3,-3,0,1,0
55,5,-3,-6,0,1,0
55,6,-3,-9,2,1,0
55,7,0,-9,1,1,0
55,8,-100,-109,2,1,1
56,1,0,0,3,1,0
56,2,-1,-1,2,1,0
56,3,0,-1,3,1,0
56,4,0,-1,4,1,0
56,5,-1,-2,2,1,0
56,6,-3,-5,0,1,0
56,7,-31,-36,0,1,1
57,1,0,0,3,1,0
57,2,0,0,5,1,0
57,3,0,0,5,1,0
57,4,0,0,3,1,0
57,5,-3,-3,1,1,0
57,6,0,-3,3,1,0
57,7,0,-3,4,1,0
57,8,0,-3,5,1,0
57,9,-30,-33,5,1,1
58,1,-3,-3,2,1,0
58,2,0,-3,3,1,0
58,3,-3,-6,2,1,0
58,4,-3,-9,5,1,0
58,5,-3,-12,5,1,0
58,6,-30,-42,0,1,1
59,1,-1,-1,5,1,0
59,2,-100,-101,0,1,1
60,1,-3,-3,2,1,0
60,2,-3,-6,5,1,0
60,3,0,-6,1,1,0
60,4,-33,-39,0,1,1
61,1,0,0,0,1,0
61,2,0,0,5,1,0
61,3,0,0,5,1,0
61,4,0,0,4,1,0
61,5,0,0,3,1,0
61,6,0,0,1,1,0
61,7,0,0,3,1,0
61,8,0,0,4,1,0
61,9,0,0,4,1,0
61,10,-3,-3,3,1,0
61,11,0,-3,1,1,0
61,12,0,-3,2,1,0
61,13,-3,-6,2,1,0
61,14,0,-6,0,1,0
61,15,0,-6,4,1,0
61,16,0,-6,3,1,0
61,17,0,-6,0,1,0
61,18,0,-6,2,1,0
61,19,0,-6,3,1,0
61,20,0,-6,1,1,0
61,21,0,-6,2,1,0
61,22,0,-6,0,1,0
61,23,0,-6,2,1,0
61,24,0,-6,1,1,0
61,25,0,-6,4,1,0
61,26,0,-6,3,1,0
61,27,0,-6,4,1,0
61,28,0,-6,4,1,0
61,29,0,-6,2,1,0
61,30,0,-6,5,1,0
61,31,0,-6,4,1,0
61,32,0,-6,2,1,0
61,33,0,-6,0,1,0
61,34,0,-6,5,1,0
61,35,0,-6,3,1,0
61,36,0,-6,4,1,0
61,37,0,-6,3,1,0
61,38,0,-6,3,1,0
61,39,0,-6,3,1,0
61,40,0,-6,5,1,0
61,41,0,-6,2,1,0
61,42,0,-6,3,1,0
61,43,-100,-106,3,1,1
62,1,0,0,1,1,0
62,2,0,0,5,1,0
62,3,0,0,2,1,0
62,4,0,0,0,1,0
62,5,0,0,1,1,0
62,6,-100,-100,2,1,1
63,1,-1,-1,0,1,0
63,2,-1,-2,5,1,0
63,3,-1,-3,4,1,0
63,4,0,-3,0,1,0
63,5,0,-3,3,1,0
63,6,0,-3,4,1,0
63,7,0,-3,0,1,0
63,8,0,-3,4,1,0
63,9,0,-3,3,1,0
63,10,0,-3,5,1,0
63,11,0,-3,1,1,0
63,12,0,-3,0,1,0
63,13,0,-3,1,1,0
63,14,0,-3,0,1,0
63,15,0,-3,5,1,0
63,16,0,-3,4,1,0
63,17,0,-3,2,1,0
63,18,0,-3,0,1,0
63,19,0,-3,5,1,0
63,20,0,-3,3,1,0
63,21,0,-3,4,1,0
63,22,0,-3,1,1,0
63,23,0,-3,0,1,0
63,24,0,-3,2,1,0
63,25,0,-3,4,1,0
63,26,0,-3,3,1,0
63,27,0,-3,1,1,0
63,28,-100,-103,3,1,1
64,1,-1,-1,1,1,0
64,2,-1,-2,1,1,0
64,3,-1,-3,2,1,0
64,4,-1,-4,4,1,0
64,5,-1,-5,3,1,0
64,6,-1,-6,2,1,0
64,7,0,-6,2,1,0
64,8,-31,-37,3,1,1
65,1,0,0,2,1,0
65,2,0,0,5,1,0
65,3,0,0,0,1,0
65,4,0,0,5,1,0
65,5,0,0,2,1,0
65,6,0,0,0,1,0
65,7,0,0,1,1,0
65,8,0,0,3,1,0
65,9,0,0,2,1,0
65,10,0,0,1,1,0
65,11,0,0,3,1,0
65,12,0,0,3,1,0
65,13,-31,-31,1,1,1
66,1,0,0,0,1,0
66,2,-3,-3,2,1,0
66,3,0,-3,3,1,0
66,4,0,-3,0,1,0
66,5,-1,-4,0,1,0
66,6,-1,-5,5,1,0
66,7,-1,-6,5,1,0
66,8,0,-6,1,1,0
66,9,-30,-36,5,1,1
67,1,0,0,2,1,0
67,2,0,0,4,1,0
67,3,0,0,2,1,0
67,4,0,0,3,1,0
67,5,0,0,2,1,0
67,6,0,0,1,1,0
67,7,-1,-1,3,1,0
67,8,0,-1,0,1,0
67,9,0,-1,0,1,0
67,10,-33,-34,3,1,1
68,1,0,0,1,1,0
68,2,0,0,3,1,0
68,3,0,0,4,1,0
68,4,0,0,5,1,0
68,5,0,0,0,1,0
68,6,-33,-33,0,1,1
69,1,0,0,2,1,0
69,2,0,0,1,1,0
69,3,0,0,5,1,0
69,4,0,0,5,1,0
69,5,0,0,4,1,0
69,6,0,0,0,1,0
69,7,-100,-100,2,1,1
70,1,0,0,0,1,0
70,2,0,0,2,1,0
70,3,-1,-1,2,1,0
70,4,0,-1,0,1,0
70,5,0,-1,3,1,0
70,6,0,-1,2,1,0
70,7,0,-1,4,1,0
70,8,0,-1,0,1,0
70,9,150,149,5,1,0
70,10,-1,148,3,1,0
70,11,0,148,1,1,0
70,12,0,148,2,1,0
70,13,0,148,3,1,0
70,14,0,148,2,1,0
70,15,-30,118,5,1,1
71,1,0,0,3,1,0
71,2,-3,-3,3,1,0
71,3,-3,-6,3,1,0
71,4,0,-6,1,1,0
71,5,-3,-9,2,1,0
71,6,0,-9,3,1,0
71,7,-3,-12,1,1,0
71,8,-1,-13,1,1,0
71,9,-1,-14,4,1,0
71,10,0,-14,2,1,0
71,11,0,-14,0,1,0
71,12,0,-14,4,1,0
71,13,-33,-47,3,1,1
72,1,0,0,0,1,0
72,2,0,0,4,1,0
72,3,-100,-100,2,1,1
73,1,-1,-1,4,1,0
73,2,-1,-2,5,1,0
73,3,-1,-3,2,1,0
73,4,-1,-4,5,1,0
73,5,-1,-5,4,1,0
73,6,-1,-6,4,1,0
73,7,-1,-7,3,1,0
73,8,-1,-8,4,1,0
73,9,-3,-11,0,1,0
73,10,-3,-14,0,1,0
73,11,-3,-17,1,1,0
73,12,-3,-20,4,1,0
73,13,-1,-21,1,1,0
73,14,-31,-52,3,1,1
74,1,-100,-100,3,1,1
75,1,-1,-1,5,1,0
75,2,-3,-4,1,1,0
75,3,-1,-5,0,1,0
75,4,-3,-8,3,1,0
75,5,-33,-41,3,1,1
76,1,-2,-2,5,1,0
76,2,-3,-5,2,1,0
76,3,-3,-8,5,1,0
76,4,-30,-38,1,1,1
77,1,0,0,1,1,0
77,2,0,0,4,1,0
77,3,0,0,5,1,0
77,4,0,0,3,1,0
77,5,-1,-1,3,1,0
77,6,-1,-2,4,1,0
77,7,-3,-5,3,1,0
77,8,-3,-8,3,1,0
77,9,0,-8,0,1,0
77,10,-3,-11,0,1,0
77,11,0,-11,1,1,0
77,12,0,-11,4,1,0
77,13,-3,-14,0,1,0
77,14,0,-14,1,1,0
77,15,0,-14,5,1,0
77,16,0,-14,3,1,0
77,17,-30,-44,5,1,1
78,1,0,0,4,1,0
78,2,0,0,1,1,0
78,3,0,0,4,1,0
78,4,-1,-1,3,1,0
78,5,0,-1,0,1,0
78,6,0,-1,2,1,0
78,7,0,-1,4,1,0
78,8,0,-1,0,1,0
78,9,0,-1,0,1,0
78,10,0,-1,5,1,0
78,11,0,-1,3,1,0
78,12,0,-1,1,1,0
78,13,-1,-2,3,1,0
78,14,-1,-3,4,1,0
78,15,-1,-4,4,1,0
78,16,0,-4,3,1,0
78,17,-3,-7,0,1,0
78,18,0,-7,1,1,0
78,19,0,-7,5,1,0
78,20,-33,-40,0,1,1
79,1,-3,-3,1,1,0
79,2,0,-3,0,1,0
79,3,-3,-6,1,1,0
79,4,0,-6,0,1,0
79,5,0,-6,3,1,0
79,6,-1,-7,1,1,0
79,7,-1,-8,5,1,0
79,8,-33,-41,1,1,1
80,1,-2,-2,4,1,0
80,2,-2,-4,4,1,0
80,3,-100,-104,3,1,1
81,1,-3,-3,2,1,0
81,2,-3,-6,0,1,0
81,3,-3,-9,1,1,0
81,4,-3,-12,5,1,0
81,5,-3,-15,4,1,0
81,6,0,-15,3,1,0
81,7,0,-15,1,1,0
81,8,0,-15,4,1,0
81,9,0,-15,5,1,0
81,10,0,-15,0,1,0
81,11,0,-15,5,1,0
81,12,-33,-48,2,1,1
82,1,0,0,3,1,0
82,2,0,0,2,1,0
82,3,0,0,3,1,0
82,4,-1,-1,0,1,0
82,5,-3,-4,0,1,0
82,6,-1,-5,1,1,0
82,7,-1,-6,5,1,0
82,8,-1,-7,4,1,0
82,9,0,-7,1,1,0
82,10,-3,-10,1,1,0
82,11,-3,-13,5,1,0
82,12,0,-13,3,1,0
82,13,0,-13,4,1,0
82,14,0,-13,5,1,0
82,15,0,-13,4,1,0
82,16,0,-13,5,1,0
82,17,-33,-46,2,1,1
83,1,0,0,3,1,0
83,2,-3,-3,0,1,0
83,3,0,-3,1,1,0
83,4,-3,-6,1,1,0
83,5,-3,-9,2,1,0
83,6,-3,-12,0,1,0
83,7,-3,-15,5,1,0
83,8,-3,-18,4,1,0
83,9,-3,-21,4,1,0
83,10,-3,-24,5,1,0
83,11,-3,-27,4,1,0
83,12,-3,-30,4,1,0
83,13,-3,-33,4,1,0
83,14,0,-33,0,1,0
83,15,-3,-36,1,1,0
83,16,-3,-39,4,1,0
83,17,-3,-42,4,1,0
83,18,-3,-45,4,1,0
83,19,0,-45,0,1,0
83,20,0,-45,5,1,0
83,21,0,-45,5,1,0
83,22,-1,-46,0,1,0
83,23,0,-46,1,1,0
83,24,-33,-79,1,1,1
84,1,-100,-100,3,1,1
85,1,-1,-1,5,1,0
85,2,0,-1,2,1,0
85,3,-1,-2,0,1,0
85,4,0,-2,3,1,0
85,5,0,-2,4,1,0
85,6,-1,-3,2,1,0
85,7,0,-3,1,1,0
85,8,0,-3,1,1,0
85,9,0,-3,3,1,0
85,10,0,-3,2,1,0
85,11,0,-3,4,1,0
85,12,0,-3,5,1,0
85,13,-1,-4,1,1,0
85,14,-1,-5,4,1,0
85,15,0,-5,2,1,0
85,16,0,-5,4,1,0
85,17,0,-5,1,1,0
85,18,-1,-6,1,1,0
85,19,-1,-7,4,1,0
85,20,0,-7,2,1,0
85,21,0,-7,4,1,0
85,22,-1,-8,2,1,0
85,23,0,-8,0,1,0
85,24,-1,-9,1,1,0
85,25,-1,-10,4,1,0
85,26,-1,-11,5,1,0
85,27,-31,-42,5,1,1
86,1,-3,-3,3,1,0
86,2,0,-3,1,1,0
86,3,-3,-6,2,1,0
86,4,0,-6,0,1,0
86,5,0,-6,4,1,0
86,6,-3,-9,3,1,0
86,7,-3,-12,4,1,0
86,8,-100,-112,3,1,1
87,1,0,0,4,1,0
87,2,-3,-3,1,1,0
87,3,0,-3,0,1,0
87,4,0,-3,4,1,0
87,5,-3,-6,3,1,0
87,6,-3,-9,5,1,0
87,7,-3,-12,4,1,0
87,8,-3,-15,4,1,0
87,9,0,-15,3,1,0
87,10,0,-15,3,1,0
87,11,0,-15,4,1,0
87,12,0,-15,5,1,0
87,13,-100,-115,3,1,1
88,1,-1,-1,0,1,0
88,2,-100,-101,2,1,1
89,1,-100,-100,2,1,1
90,1,-2,-2,4,1,0
90,2,-2,-4,4,1,0
90,3,0,-4,0,1,0
90,4,0,-4,1,1,0
90,5,0,-4,5,1,0
90,6,-3,-7,3,1,0
90,7,-3,-10,4,1,0
90,8,0,-10,1,1,0
90,9,-3,-13,3,1,0
90,10,0,-13,2,1,0
90,11,-33,-46,3,1,1
91,1,0,0,2,1,0
91,2,-3,-3,1,1,0
91,3,0,-3,2,1,0
91,4,-1,-4,0,1,0
91,5,0,-4,3,1,0
91,6,-1,-5,3,1,0
91,7,0,-5,3,1,0
91,8,-31,-36,2,1,1
92,1,-2,-2,5,1,0
92,2,-3,-5,2,1,0
92,3,0,-5,0,1,0
92,4,0,-5,5,1,0
92,5,-3,-8,2,1,0
92,6,-3,-11,4,1,0
92,7,-100,-111,2,1,1
93,1,0,0,1,1,0
93,2,-3,-3,2,1,0
93,3,-3,-6,1,1,0
93,4,-3,-9,2,1,0
93,5,-3,-12,3,1,0
93,6,-33,-45,0,1,1
94,1,-3,-3,0,1,0
94,2,0,-3,3,1,0
94,3,-3,-6,0,1,0
94,4,-3,-9,2,1,0
94,5,0,-9,2,1,0
94,6,0,-9,5,1,0
94,7,0,-9,0,1,0
94,8,0,-9,3,1,0
94,9,-30,-39,0,1,1
95,1,0,0,0,1,0
95,2,-3,-3,0,1,0
95,3,-1,-4,0,1,0
95,4,-3,-7,1,1,0
95,5,0,-7,1,1,0
95,6,-30,-37,3,1,1
96,1,-1,-1,5,1,0
96,2,-100,-101,1,1,1
97,1,0,0,4,1,0
97,2,0,0,4,1,0
97,3,-100,-100,2,1,1
98,1,0,0,1,1,0
98,2,0,0,4,1,0
98,3,0,0,4,1,0
98,4,0,0,0,1,0
98,5,-1,-1,2,1,0
98,6,0,-1,2,1,0
98,7,0,-1,1,1,0
98,8,0,-1,0,1,0
98,9,0,-1,1,1,0
98,10,0,-1,2,1,0
98,11,0,-1,4,1,0
98,12,0,-1,3,1,0
98,13,0,-1,4,1,0
98,14,0,-1,0,1,0
98,15,0,-1,1,1,0
98,16,0,-1,0,1,0
98,17,0,-1,5,1,0
98,18,0,-1,4,1,0
98,19,0,-1,0,1,0
98,20,0,-1,3,1,0
98,21,0,-1,2,1,0
98,22,0,-1,4,1,0
98,23,0,-1,4,1,0
98,24,-3,-4,0,1,0
98,25,0,-4,2,1,0
98,26,0,-4,4,1,0
98,27,150,146,5,1,0
98,28,0,146,4,1,0
98,29,0,146,4,1,0
98,30,-100,46,2,1,1
99,1,-3,-3,5,1,0
99,2,0,-3,2,1,0
99,3,0,-3,5,1,0
99,4,0,-3,1,1,0
99,5,0,-3,0,1,0
99,6,0,-3,1,1,0
99,7,-3,-6,2,1,0
99,8,-3,-9,5,1,0
99,9,-3,-12,2,1,0
99,10,-33,-45,5,1,1
100,1,0,0,1,1,0
100,2,-1,-1,1,1,0
100,3,-1,-2,4,1,0
100,4,0,-2,1,1,0
100,5,0,-2,2,1,0
100,6,-3,-5,1,1,0
100,7,0,-5,1,1,0
100,8,-3,-8,0,1,0
100,9,-3,-11,5,1,0
100,10,-3,-14,4,1,0
100,11,-3,-17,3,1,0
100,12,-1,-18,1,1,0
100,13,-30,-48,3,1,1
101,1,0,0,3,1,0
101,2,-1,-1,2,1,0
101,3,-1,-2,2,1,0
101,4,-100,-102,2,1,1
102,1,0,0,3,1,0
102,2,0,0,4,1,0
102,3,-1,-1,0,1,0
102,4,0,-1,1,1,0
102,5,0,-1,2,1,0
102,6,0,-1,0,1,0
102,7,-1,-2,3,1,0
102,8,0,-2,2,1,0
102,9,0,-2,1,1,0
102,10,0,-2,4,1,0
102,11,0,-2,2,1,0
102,12,0,-2,1,1,0
102,13,0,-2,2,1,0
102,14,150,148,5,1,0
102,15,0,148,4,1,0
102,16,0,148,3,1,0
102,17,0,148,4,1,0
102,18,0,148,5,1,0
102,19,0,148,2,1,0
102,20,0,148,4,1,0
102,21,0,148,3,1,0
102,22,0,148,5,1,0
102,23,0,148,4,1,0
102,24,-100,48,1,1,1
103,1,0,0,0,1,0
103,2,0,0,0,1,0
103,3,0,0,5,1,0
103,4,0,0,5,1,0
103,5,0,0,2,1,0
103,6,0,0,1,1,0
103,7,0,0,4,1,0
103,8,0,0,4,1,0
103,9,0,0,2,1,0
103,10,0,0,4,1,0
103,11,0,0,5,1,0
103,12,0,0,0,1,0
103,13,0,0,3,1,0
103,14,0,0,3,1,0
103,15,0,0,3,1,0
103,16,0,0,2,1,0
103,17,0,0,5,1,0
103,18,-1,-1,0,1,0
103,19,-31,-32,5,1,1
104,1,-1,-1,2,1,0
104,2,-1,-2,5,1,0
104,3,0,-2,3,1,0
104,4,-1,-3,0,1,0
104,5,-1,-4,4,1,0
104,6,0,-4,0,1,0
104,7,-3,-7,2,1,0
